"Id","IsDeleted","Name","CurrencyIsoCode","SBQQ__DisplayOrder__c","SBQQ__DocumentName__c","SBQQ__ExternalId__c","SBQQ__Opportunity__c","SBQQ__Product__c","SBQQ__QuoteTemplate__c","SBQQ__Quote__c","SBQQ__Required__c","SBQQ__TemplateSection__c"
"a0m1N00000VIyqhQAD","false","Standard Quotes vs. Saleforce CPQ  Datasheet.pdf","USD","0.0","<a href=""/servlet/servlet.FileDownload?file=00P1N00000a6PNBUA2"" target=""_blank"">View Document in New Window</a>","00P1N00000a6PNBUA2",,,,,"false",
"a0m1N00000VIyqiQAD","false","EN-LimitedWarrantyNAMLATAM-WS-H57396_tcm432-37525.pdf","USD","0.0","<a href=""/servlet/servlet.FileDownload?file=00P1N00000a6PNlUAM"" target=""_blank"">View Document in New Window</a>","00P1N00000a6PNlUAM",,,,,"false",
"a0m1N00000VIyqjQAD","false","Salesforce CPQ Training Options.pdf","USD","10.0","<a href=""/servlet/servlet.FileDownload?file=00P1N00000a6PO8UAM"" target=""_blank"">View Document in New Window</a>","00P1N00000a6PO8UAM",,,,,"false",
"a0m1N00000VIyqkQAD","false","Time and Expense Data Sheet","USD","1.0","<a href=""/servlet/servlet.FileDownload?file=0151N000003mIHc"" target=""_blank"">View Document in New Window</a>","0151N000003mIHc",,"01t1N00000EURLpQAP",,,"false",
"a0m1N00000VIyqlQAD","false","Time and Expense Data Sheet","USD","1.0","<a href=""/servlet/servlet.FileDownload?file=0151N000003mIHc"" target=""_blank"">View Document in New Window</a>","0151N000003mIHc",,"01t1N00000EURKoQAP",,,"false",
"a0m1N00000VIyqmQAD","false","Maxspace data sheet","USD","10.0","<a href=""/servlet/servlet.FileDownload?file=0151N000003mIHd"" target=""_blank"">View Document in New Window</a>","0151N000003mIHd",,"01t1N00000EURKvQAP",,,"false",
"a0m1N00000VIyqnQAD","false","chicken pdf.pdf","USD","1.0","<a href=""/servlet/servlet.FileDownload?file=00P1N00000ZpdprUAB"" target=""_blank"">View Document in New Window</a>","00P1N00000ZpdprUAB",,,,"a0j1N00000BD8ZrQAL","false",
"a0m1N00000VIyqoQAD","false","ATTClaimAffidavit_52723306.pdf","USD","0.0","<a href=""/servlet/servlet.FileDownload?file=00P1N00000a6POmUAM"" target=""_blank"">View Document in New Window</a>","00P1N00000a6POmUAM",,,,"a0j1N00000BD8fXQAT","false",
"a0m1N00000VIyqpQAD","false","AWR-Client-FAQ.pdf","USD","0.0","<a href=""/servlet/servlet.FileDownload?file=00P1N00000a6PP3UAM"" target=""_blank"">View Document in New Window</a>","00P1N00000a6PP3UAM",,,,"a0j1N00000BD8fbQAD","false",
"a0m1N00000VIyqqQAD","false","Connect-Summer-Newsletter-20141.pdf","USD","0.0","<a href=""/servlet/servlet.FileDownload?file=00P1N00000ZpdpsUAB"" target=""_blank"">View Document in New Window</a>","00P1N00000ZpdpsUAB",,,,,"false",
"a0m1N00000VIyqrQAD","false","6F556DA6BEE7445F912124F99D5F7C47.pdf","USD","0.0","<a href=""/servlet/servlet.FileDownload?file=00P1N00000ZpdptUAB"" target=""_blank"">View Document in New Window</a>","00P1N00000ZpdptUAB",,,,,"false",
"a0m1N00000VIyqsQAD","false","2015 w2.pdf","USD","1.0","<a href=""/servlet/servlet.FileDownload?file=00P1N00000ZpdpuUAB"" target=""_blank"">View Document in New Window</a>","00P1N00000ZpdpuUAB",,,,,"false",
"a0m1N00000VIyqtQAD","false","chicken.pdf","USD","1.0","<a href=""/servlet/servlet.FileDownload?file=00P1N00000ZpdpvUAB"" target=""_blank"">View Document in New Window</a>","00P1N00000ZpdpvUAB",,,,,"false",
"a0m1N00000VIyquQAD","false","Benefit Elections (Salesforce 2016).pdf","USD","0.0","<a href=""/servlet/servlet.FileDownload?file=00P1N00000ZpdpwUAB"" target=""_blank"">View Document in New Window</a>","00P1N00000ZpdpwUAB",,,,,"false",
"a0m1N00000VIyqvQAD","false","Sample.pdf","USD","0.0","<a href=""/servlet/servlet.FileDownload?file=00P1N00000ZpdpxUAB"" target=""_blank"">View Document in New Window</a>","00P1N00000ZpdpxUAB",,,,,"false",
"a0m1N00000VIyqwQAD","false","Adestra 2016_Consumer_Adoption.pdf","USD","0.0","<a href=""/servlet/servlet.FileDownload?file=00P1N00000ZpdpyUAB"" target=""_blank"">View Document in New Window</a>","00P1N00000ZpdpyUAB",,,,,"false",
"a0m1N00000VIyqxQAD","false","WDCV2MOMPrint.pdf","USD","0.0","<a href=""/servlet/servlet.FileDownload?file=00P1N00000ZpdpzUAB"" target=""_blank"">View Document in New Window</a>","00P1N00000ZpdpzUAB",,,,,"false",
"a0m1N00000VIyqyQAD","false","chicken.pdf","USD","0.0","<a href=""/servlet/servlet.FileDownload?file=00P1N00000Zpdq0UAB"" target=""_blank"">View Document in New Window</a>","00P1N00000Zpdq0UAB",,,,,"false",
"a0m1N00000VIyqzQAD","false","1212_001.pdf","USD","0.0","<a href=""/servlet/servlet.FileDownload?file=00P1N00000Zpdq1UAB"" target=""_blank"">View Document in New Window</a>","00P1N00000Zpdq1UAB",,,,,"false",
"a0m1N00000VIyr0QAD","false","Scan.pdf","USD","0.0","<a href=""/servlet/servlet.FileDownload?file=00P1N00000Zpdq2UAB"" target=""_blank"">View Document in New Window</a>","00P1N00000Zpdq2UAB",,,,,"false",
"a0m1N00000VIyr1QAD","false","chicken pdf.pdf","USD","2.0","<a href=""/servlet/servlet.FileDownload?file=00P1N00000Zpdq3UAB"" target=""_blank"">View Document in New Window</a>","00P1N00000Zpdq3UAB",,,,,"false",
"a0m1N00000VIyr2QAD","false","chicken pdf.pdf","USD","1.0","<a href=""/servlet/servlet.FileDownload?file=00P1N00000Zpdq4UAB"" target=""_blank"">View Document in New Window</a>","00P1N00000Zpdq4UAB",,,,,"false",
"a0m1N00000VIyr3QAD","false","LW_CPQquote.pdf","USD","0.0","<a href=""/servlet/servlet.FileDownload?file=00P1N00000Zpdq5UAB"" target=""_blank"">View Document in New Window</a>","00P1N00000Zpdq5UAB",,,,,"false",
"a0m1N00000VIyr4QAD","false","What are Push Payments.pdf","USD","0.0","<a href=""/servlet/servlet.FileDownload?file=00P1N00000Zpdq6UAB"" target=""_blank"">View Document in New Window</a>","00P1N00000Zpdq6UAB",,,,,"false",
"a0m1N00000VIyr5QAD","false","What are Push Payments.pdf","USD","0.0","<a href=""/servlet/servlet.FileDownload?file=00P1N00000Zpdq7UAB"" target=""_blank"">View Document in New Window</a>","00P1N00000Zpdq7UAB",,,,,"false",
"a0m1N00000VIyr6QAD","false","chicken pdf.pdf","USD","1.0","<a href=""/servlet/servlet.FileDownload?file=00P1N00000Zpdq8UAB"" target=""_blank"">View Document in New Window</a>","00P1N00000Zpdq8UAB",,,,,"false",
"a0m1N00000VIyr7QAD","false","Verizon-Bill-02-25-2017.pdf","USD","2.0","<a href=""/servlet/servlet.FileDownload?file=00P1N00000Zpdq9UAB"" target=""_blank"">View Document in New Window</a>","00P1N00000Zpdq9UAB",,,,,"false",
"a0m1N00000VIyr8QAD","false","1601_SW_DPA_for_SQL_Server.pdf","USD","0.0","<a href=""/servlet/servlet.FileDownload?file=00P1N00000ZpdqAUAR"" target=""_blank"">View Document in New Window</a>","00P1N00000ZpdqAUAR",,,,,"false",
"a0m1N00000VIyr9QAD","false","1601_SW_DPA_for_SQL_Server.pdf","USD","0.0","<a href=""/servlet/servlet.FileDownload?file=00P1N00000ZpdqBUAR"" target=""_blank"">View Document in New Window</a>","00P1N00000ZpdqBUAR",,,,,"false",
"a0m1N00000VIyrAQAT","false","1016-CLR-MKTG-561184-Utility_Bus_Model_Paper-V1-R6a.pdf","USD","0.0","<a href=""/servlet/servlet.FileDownload?file=00P1N00000ZpdqCUAR"" target=""_blank"">View Document in New Window</a>","00P1N00000ZpdqCUAR",,,,,"false",
"a0m1N00000VIyrBQAT","false","1016-CLR-MKTG-561184-Utility_Bus_Model_Paper-V1-R6a.pdf","USD","0.0","<a href=""/servlet/servlet.FileDownload?file=00P1N00000ZpdqDUAR"" target=""_blank"">View Document in New Window</a>","00P1N00000ZpdqDUAR",,,,,"false",
"a0m1N00000VIyrCQAT","false","chicken pdf.pdf","USD","0.0","<a href=""/servlet/servlet.FileDownload?file=00P1N00000ZpdqEUAR"" target=""_blank"">View Document in New Window</a>","00P1N00000ZpdqEUAR",,,,,"false",
"a0m1N00000VIyrDQAT","false","The-DTI-Technology-Assisted-Review-Service_20170504.pdf","USD","0.0","<a href=""/servlet/servlet.FileDownload?file=00P1N00000ZpdqFUAR"" target=""_blank"">View Document in New Window</a>","00P1N00000ZpdqFUAR",,,,,"false",
"a0m1N00000VIyrEQAT","false","The-DTI-Technology-Assisted-Review-Service_20170504.pdf","USD","0.0","<a href=""/servlet/servlet.FileDownload?file=00P1N00000ZpdqGUAR"" target=""_blank"">View Document in New Window</a>","00P1N00000ZpdqGUAR",,,,,"false",
"a0m1N00000VIyrFQAT","false","17429434.pdf","USD","0.0","<a href=""/servlet/servlet.FileDownload?file=00P1N00000ZpdqHUAR"" target=""_blank"">View Document in New Window</a>","00P1N00000ZpdqHUAR",,,,,"false",
"a0m1N00000VIyrGQAT","false","chicken pdf.pdf","USD","0.0","<a href=""/servlet/servlet.FileDownload?file=00P1N00000ZpdqIUAR"" target=""_blank"">View Document in New Window</a>","00P1N00000ZpdqIUAR",,,,,"false",
"a0m1N00000VIyrHQAT","false","The-DTI-Technology-Assisted-Review-Service_20170504.pdf","USD","0.0","<a href=""/servlet/servlet.FileDownload?file=00P1N00000ZpdqJUAR"" target=""_blank"">View Document in New Window</a>","00P1N00000ZpdqJUAR",,,,,"false",
"a0m1N00000VIyrIQAT","false","The-DTI-Technology-Assisted-Review-Service_20170504.pdf","USD","0.0","<a href=""/servlet/servlet.FileDownload?file=00P1N00000ZpdqKUAR"" target=""_blank"">View Document in New Window</a>","00P1N00000ZpdqKUAR",,,,,"false",
"a0m1N00000VIyrJQAT","false","SGCertifiedCPQSpecialist.pdf","USD","0.0","<a href=""/servlet/servlet.FileDownload?file=00P1N00000ZpdqLUAR"" target=""_blank"">View Document in New Window</a>","00P1N00000ZpdqLUAR",,,,,"false",
"a0m1N00000VIyrKQAT","false","BuyerVision-Digital-Advertising.pdf","USD","0.0","<a href=""/servlet/servlet.FileDownload?file=00P1N00000ZpdqMUAR"" target=""_blank"">View Document in New Window</a>","00P1N00000ZpdqMUAR",,,,,"false",
"a0m1N00000VIyrLQAT","false","chicken pdf.pdf","USD","0.0","<a href=""/servlet/servlet.FileDownload?file=00P1N00000ZpdqNUAR"" target=""_blank"">View Document in New Window</a>","00P1N00000ZpdqNUAR",,,,,"false",
"a0m1N00000VIyrMQAT","false","ob10_optionsoverview_en_gbp.pdf","USD","0.0","<a href=""/servlet/servlet.FileDownload?file=00P1N00000ZpdqOUAR"" target=""_blank"">View Document in New Window</a>","00P1N00000ZpdqOUAR",,,,,"false",
"a0m1N00000VIyrNQAT","false","ob10_optionsoverview_en_gbp.pdf","USD","0.0","<a href=""/servlet/servlet.FileDownload?file=00P1N00000ZpdqPUAR"" target=""_blank"">View Document in New Window</a>","00P1N00000ZpdqPUAR",,,,,"false",
"a0m1N00000VIyrOQAT","false","Customer Registration for CPQ Training.pdf","USD","10.0","<a href=""/servlet/servlet.FileDownload?file=00P1N00000ZpdqQUAR"" target=""_blank"">View Document in New Window</a>","00P1N00000ZpdqQUAR",,,,,"false",
"a0m1N00000VIyrPQAT","false","Wave Analytics Manager Approval.pdf","USD","10.0","<a href=""/servlet/servlet.FileDownload?file=00P1N00000ZpdqRUAR"" target=""_blank"">View Document in New Window</a>","00P1N00000ZpdqRUAR",,,,,"false",
"a0m1N00000VIyrQQAT","false","SteelBrick Advanced Approvals.pdf","USD","0.0","<a href=""/servlet/servlet.FileDownload?file=00P1N00000ZpdqSUAR"" target=""_blank"">View Document in New Window</a>","00P1N00000ZpdqSUAR",,,,,"false",
"a0m1N00000VIyrRQAT","false","The-DTI-Technology-Assisted-Review-Service_20170504.pdf","USD","0.0","<a href=""/servlet/servlet.FileDownload?file=00P1N00000ZpdqTUAR"" target=""_blank"">View Document in New Window</a>","00P1N00000ZpdqTUAR",,,,,"false",
"a0m1N00000VIyrSQAT","false","Salesforce CPQ Training Options (2).pdf","USD","10.0","<a href=""/servlet/servlet.FileDownload?file=00P1N00000ZpdqUUAR"" target=""_blank"">View Document in New Window</a>","00P1N00000ZpdqUUAR",,,,,"false",
"a0m1N00000VIyrTQAT","false","chicken pdf.pdf","USD","0.0","<a href=""/servlet/servlet.FileDownload?file=00P1N00000ZpdqVUAR"" target=""_blank"">View Document in New Window</a>","00P1N00000ZpdqVUAR",,,,,"false",
"a0m1N00000VIyrUQAT","false","SteelBrick - Quote to Cash for Partner Communities.pdf","USD","0.0","<a href=""/servlet/servlet.FileDownload?file=00P1N00000ZpdqWUAR"" target=""_blank"">View Document in New Window</a>","00P1N00000ZpdqWUAR",,,,,"false",
