"Id","IsDeleted","CurrencyIsoCode","SBQQ__Rule__c","SBQQ__FilterField__c","SBQQ__FilterValue__c","SBQQ__Operator__c","SBQQ__Product__c","SBQQ__Required__c","SBQQ__Type__c","SBQQ__ValueField__c","SBQQ__ValueObject__c","SBQQ__ValueAttribute__c","SBQQ__ParentRuleIsActive__c"
"a0Z1N00000Eo4acUAB","false","USD","a0c1N00000MVcZYQA1",,,,"01t1N00000EURL8QAP","false","Show",,,,"true"
"a0Z1N00000Eo4adUAB","false","USD","a0c1N00000MVcZYQA1",,,,"01t1N00000EURL9QAP","false","Show",,,,"true"
"a0Z1N00000Eo4aeUAB","false","USD","a0c1N00000MVcZZQA1",,,,"01t1N00000EURL8QAP","false","Hide & Remove",,,,"true"
"a0Z1N00000Eo4afUAB","false","USD","a0c1N00000MVcZZQA1",,,,"01t1N00000EURL9QAP","false","Hide & Remove",,,,"true"
"a0Z1N00000Eo4agUAB","false","USD","a0c1N00000MVcZaQAL",,,,"01t1N00000EURLFQA5","false","Hide & Remove",,,,"true"
"a0Z1N00000Eo4ahUAB","false","USD","a0c1N00000MVcZaQAL",,,,"01t1N00000EURLhQAP","false","Hide & Remove",,,,"true"
"a0Z1N00000Eo4aiUAB","false","USD","a0c1N00000MVcZbQAL",,,,"01t1N00000EURLFQA5","false","Show",,,,"true"
"a0Z1N00000Eo4ajUAB","false","USD","a0c1N00000MVcZbQAL",,,,"01t1N00000EURLhQAP","false","Show",,,,"true"
"a0Z1N00000Eo4akUAB","false","USD","a0c1N00000MVcZcQAL",,,,"01t1N00000EURLYQA5","false","Show",,,,"true"
"a0Z1N00000Eo4alUAB","false","USD","a0c1N00000MVcZcQAL",,,,"01t1N00000EURLZQA5","false","Show",,,,"true"
"a0Z1N00000Eo4amUAB","false","USD","a0c1N00000MVcZdQAL",,,,"01t1N00000EURLYQA5","false","Hide & Remove",,,,"true"
"a0Z1N00000Eo4anUAB","false","USD","a0c1N00000MVcZdQAL",,,,"01t1N00000EURLZQA5","false","Hide & Remove",,,,"true"
"a0Z1N00000Eo4aoUAB","false","USD","a0c1N00000MVcZeQAL",,,,"01t1N00000EURLVQA5","false","Add",,,,"true"
"a0Z1N00000Eo4apUAB","false","USD","a0c1N00000MVcZeQAL",,,,"01t1N00000EURLIQA5","false","Add",,,,"true"
"a0Z1N00000Eo4aqUAB","false","USD","a0c1N00000MVcZeQAL",,,,"01t1N00000EURKzQAP","false","Add",,,,"true"
"a0Z1N00000Eo4arUAB","false","USD","a0c1N00000MVcZnQAL",,,,"01t1N00000EURKZQA5","false","Show & Add",,,,"true"
"a0Z1N00000Eo4asUAB","false","USD","a0c1N00000MVcZnQAL",,,,"01t1N00000EURMGQA5","false","Show",,,,"true"
"a0Z1N00000Eo4atUAB","false","USD","a0c1N00000MVcZoQAL",,,,"01t1N00000EURKZQA5","false","Hide & Remove",,,,"true"
"a0Z1N00000Eo4auUAB","false","USD","a0c1N00000MVcZoQAL",,,,"01t1N00000EURMGQA5","false","Hide & Remove",,,,"true"
"a0Z1N00000Eo4avUAB","false","USD","a0c1N00000MVcZqQAL",,,,"01t1N00000EURLlQAP","false","Show & Add",,,,"true"
"a0Z1N00000Eo4awUAB","false","USD","a0c1N00000MVcZrQAL",,,,"01t1N00000EURMDQA5","false","Hide & Remove",,,,"true"
"a0Z1N00000Eo4axUAB","false","USD","a0c1N00000MVcZhQAL",,,,"01t1N00000EURLUQA5","false","Show & Add",,,,"true"
"a0Z1N00000Eo4ayUAB","false","USD","a0c1N00000MVcZhQAL",,,,"01t1N00000EURLTQA5","false","Show & Add",,,,"true"
"a0Z1N00000Eo4azUAB","false","USD","a0c1N00000MVcZhQAL",,,,"01t1N00000EURLVQA5","false","Show & Add",,,,"true"
"a0Z1N00000Eo4b0UAB","false","USD","a0c1N00000MVcZhQAL",,,,"01t1N00000EURKtQAP","false","Show & Add",,,,"true"
"a0Z1N00000Eo4b1UAB","false","USD","a0c1N00000MVcZiQAL",,,,"01t1N00000EURLIQA5","false","Show & Add",,,,"true"
"a0Z1N00000Eo4b2UAB","false","USD","a0c1N00000MVcZiQAL",,,,"01t1N00000EURKuQAP","false","Show & Add",,,,"true"
"a0Z1N00000Eo4b3UAB","false","USD","a0c1N00000MVcZiQAL",,,,"01t1N00000EURLJQA5","false","Show & Add",,,,"true"
"a0Z1N00000Eo4b4UAB","false","USD","a0c1N00000MVcZiQAL",,,,"01t1N00000EURKtQAP","false","Show & Add",,,,"true"
"a0Z1N00000Eo4b5UAB","false","USD","a0c1N00000MVcZkQAL",,,,"01t1N00000EURKrQAP","false","Show & Add",,,,"true"
"a0Z1N00000Eo4b6UAB","false","USD","a0c1N00000MVcZkQAL",,,,"01t1N00000EURLTQA5","false","Show & Add",,,,"true"
"a0Z1N00000Eo4b7UAB","false","USD","a0c1N00000MVcZkQAL",,,,"01t1N00000EURLiQAP","false","Show & Add",,,,"true"
"a0Z1N00000Eo4b8UAB","false","USD","a0c1N00000MVcZkQAL",,,,"01t1N00000EURMBQA5","false","Show & Add",,,,"true"
"a0Z1N00000Eo4b9UAB","false","USD","a0c1N00000MVcZkQAL",,,,"01t1N00000EURLUQA5","false","Remove",,,,"true"
"a0Z1N00000Eo4baUAB","false","USD","a0c1N00000MVcZjQAL",,,,"01t1N00000EURLTQA5","false","Show & Add",,,,"true"
"a0Z1N00000Eo4bAUAR","false","USD","a0c1N00000MVcZkQAL",,,,"01t1N00000EURMWQA5","false","Remove",,,,"true"
"a0Z1N00000Eo4bbUAB","false","USD","a0c1N00000MVcZlQAL",,,,"01t1N00000EURKzQAP","false","Show & Add",,,,"true"
"a0Z1N00000Eo4bBUAR","false","USD","a0c1N00000MVcZkQAL",,,,"01t1N00000EURLIQA5","false","Remove",,,,"true"
"a0Z1N00000Eo4bcUAB","false","USD","a0c1N00000MVcZmQAL",,,,"01t1N00000EURKuQAP","false","Show & Add",,,,"true"
"a0Z1N00000Eo4bCUAR","false","USD","a0c1N00000MVcZkQAL",,,,"01t1N00000EURKsQAP","false","Remove",,,,"true"
"a0Z1N00000Eo4bdUAB","false","USD","a0c1N00000MVcZjQAL",,,,"01t1N00000EURKzQAP","false","Remove",,,,"true"
"a0Z1N00000Eo4bDUAR","false","USD","a0c1N00000MVcZkQAL",,,,"01t1N00000EURLJQA5","false","Remove",,,,"true"
"a0Z1N00000Eo4beUAB","false","USD","a0c1N00000MVcZjQAL",,,,"01t1N00000EURKuQAP","false","Remove",,,,"true"
"a0Z1N00000Eo4bEUAR","false","USD","a0c1N00000MVcZkQAL",,,,"01t1N00000EURLVQA5","false","Remove",,,,"true"
"a0Z1N00000Eo4bfUAB","false","USD","a0c1N00000MVcZmQAL",,,,"01t1N00000EURKzQAP","false","Remove",,,,"true"
"a0Z1N00000Eo4bFUAR","false","USD","a0c1N00000MVcZkQAL",,,,"01t1N00000EURKtQAP","false","Remove",,,,"true"
"a0Z1N00000Eo4bgUAB","false","USD","a0c1N00000MVcZmQAL",,,,"01t1N00000EURLTQA5","false","Remove",,,,"true"
"a0Z1N00000Eo4bGUAR","false","USD","a0c1N00000MVcZhQAL",,,,"01t1N00000EURKrQAP","false","Remove",,,,"true"
"a0Z1N00000Eo4bhUAB","false","USD","a0c1N00000MVcZlQAL",,,,"01t1N00000EURLTQA5","false","Remove",,,,"true"
"a0Z1N00000Eo4bHUAR","false","USD","a0c1N00000MVcZhQAL",,,,"01t1N00000EURMWQA5","false","Remove",,,,"true"
"a0Z1N00000Eo4biUAB","false","USD","a0c1N00000MVcZlQAL",,,,"01t1N00000EURKuQAP","false","Remove",,,,"true"
"a0Z1N00000Eo4bIUAR","false","USD","a0c1N00000MVcZhQAL",,,,"01t1N00000EURLIQA5","false","Remove",,,,"true"
"a0Z1N00000Eo4bjUAB","false","USD","a0c1N00000MVcZsQAL",,,,"01t1N00000EURKqQAP","false","Hide & Remove",,,,"true"
"a0Z1N00000Eo4bJUAR","false","USD","a0c1N00000MVcZhQAL",,,,"01t1N00000EURKzQAP","false","Remove",,,,"true"
"a0Z1N00000Eo4bkUAB","false","USD","a0c1N00000MVcZsQAL",,,,"01t1N00000EURLfQAP","false","Hide & Remove",,,,"true"
"a0Z1N00000Eo4bKUAR","false","USD","a0c1N00000MVcZhQAL",,,,"01t1N00000EURKuQAP","false","Remove",,,,"true"
"a0Z1N00000Eo4blUAB","false","USD","a0c1N00000MVcZsQAL",,,,"01t1N00000EURLrQAP","false","Hide & Remove",,,,"true"
"a0Z1N00000Eo4bLUAR","false","USD","a0c1N00000MVcZhQAL",,,,"01t1N00000EURLJQA5","false","Remove",,,,"true"
"a0Z1N00000Eo4bmUAB","false","USD","a0c1N00000MVcZtQAL",,,,"01t1N00000EURKqQAP","false","Show",,,,"true"
"a0Z1N00000Eo4bMUAR","false","USD","a0c1N00000MVcZhQAL",,,,"01t1N00000EURKsQAP","false","Remove",,,,"true"
"a0Z1N00000Eo4bnUAB","false","USD","a0c1N00000MVcZtQAL",,,,"01t1N00000EURMIQA5","false","Hide & Remove",,,,"true"
"a0Z1N00000Eo4bNUAR","false","USD","a0c1N00000MVcZhQAL",,,,"01t1N00000EURLiQAP","false","Remove",,,,"true"
"a0Z1N00000Eo4boUAB","false","USD","a0c1N00000MVcZtQAL",,,,"01t1N00000EURLfQAP","false","Show",,,,"true"
"a0Z1N00000Eo4bOUAR","false","USD","a0c1N00000MVcZhQAL",,,,"01t1N00000EURMBQA5","false","Remove",,,,"true"
"a0Z1N00000Eo4bpUAB","false","USD","a0c1N00000MVcZtQAL",,,,"01t1N00000EURLrQAP","false","Show",,,,"true"
"a0Z1N00000Eo4bPUAR","false","USD","a0c1N00000MVcZiQAL",,,,"01t1N00000EURMWQA5","false","Remove",,,,"true"
"a0Z1N00000Eo4bqUAB","false","USD","a0c1N00000MVcZsQAL",,,,"01t1N00000EURMIQA5","false","Show & Add",,,,"true"
"a0Z1N00000Eo4bQUAR","false","USD","a0c1N00000MVcZiQAL",,,,"01t1N00000EURLUQA5","false","Remove",,,,"true"
"a0Z1N00000Eo4brUAB","false","USD","a0c1N00000MVcZvQAL",,,,"01t1N00000EURLlQAP","false","Add",,,,"true"
"a0Z1N00000Eo4bRUAR","false","USD","a0c1N00000MVcZiQAL",,,,"01t1N00000EURKrQAP","false","Remove",,,,"true"
"a0Z1N00000Eo4bsUAB","false","USD","a0c1N00000MVcZuQAL",,,,"01t1N00000EURLlQAP","false","Remove",,,,"true"
"a0Z1N00000Eo4bSUAR","false","USD","a0c1N00000MVcZiQAL",,,,"01t1N00000EURKzQAP","false","Remove",,,,"true"
"a0Z1N00000Eo4bTUAR","false","USD","a0c1N00000MVcZiQAL",,,,"01t1N00000EURLTQA5","false","Remove",,,,"true"
"a0Z1N00000Eo4bUUAR","false","USD","a0c1N00000MVcZiQAL",,,,"01t1N00000EURLVQA5","false","Remove",,,,"true"
"a0Z1N00000Eo4bVUAR","false","USD","a0c1N00000MVcZiQAL",,,,"01t1N00000EURKsQAP","false","Remove",,,,"true"
"a0Z1N00000Eo4bWUAR","false","USD","a0c1N00000MVcZiQAL",,,,"01t1N00000EURLiQAP","false","Remove",,,,"true"
"a0Z1N00000Eo4bXUAR","false","USD","a0c1N00000MVcZiQAL",,,,"01t1N00000EURMBQA5","false","Remove",,,,"true"
"a0Z1N00000Eo4bYUAR","false","USD","a0c1N00000MVcZkQAL",,,,"01t1N00000EURKzQAP","false","Remove",,,,"true"
"a0Z1N00000Eo4bZUAR","false","USD","a0c1N00000MVcZkQAL",,,,"01t1N00000EURKuQAP","false","Remove",,,,"true"
